"NSFTV.ID","HDRA.ID","Na.K.Shoot.LSMEAN","Na.Shoot.LSMEAN","K.Shoot.Salt.LSMEAN","Na.K.Root.LSMEAN","Na.Root.LSMEAN","Shoot.BM.Control.LSMEAN","Shoot.BM.Salt.LSMEAN","Root.BM.Control.LSMEAN","Root.BM.Salt.LSMEAN","Flowering.time.at.Arkansas","Flowering.time.at.Faridpur","Flowering.time.at.Aberdeen","Panicle.number.per.plant","Plant.height","Panicle.fertility"
"NSFTV_1","86f75d2b.0",217.9371447,0.194966101,0.89606665,500.9474211,0.293376918,2.302995531,1.756398034,0.872838082,0.325207826,75.08333333,64,81,3.068052935,110.9166667,0.879
"NSFTV_10","2e1c9c87.0",137.4868364,0.125044726,0.910901121,427.0096533,0.297045884,1.867723117,1.114535401,0.531911785,0.223791525,89,55,74,3.650658241,83,0.537
"NSFTV_100","1f10be3d.0",165.0295554,0.166773265,1.020647976,454.0930731,0.312705972,2.099448816,1.474579135,0.556368332,0.303297666,84.11111111,78,122,2.978925155,114.8888889,0.735
"NSFTV_101","9f782e9e.0",146.2631636,0.157455274,1.101098879,466.6072066,0.306818637,1.79931508,1.239412468,0.529368332,0.315296541,86.16666667,79,88,2.818398258,86.16666667,0.73
"NSFTV_102","6e26f4cc.0",187.6631636,0.153705274,0.833848879,522.5942998,0.420535029,2.33031508,1.967579135,0.657868332,0.411629875,NA,NA,165,3.481240089,105.5,0.765
"NSFTV_103","8c76404c.0",119.3381636,0.110205274,0.942098879,383.7196031,0.272321723,1.195727883,1.136518072,0.256368332,0.21997329,84,78,108,2.957511061,95.08333333,0.889
"NSFTV_104","8629f76c.0",124.8381636,0.112205274,0.896598879,412.3150846,0.285515704,1.436809243,NA,0.509701665,0.214839098,77.5,70,74,3.139110856,110.3333333,0.873
"NSFTV_105","16463092.0",162.5132435,0.172110041,1.061351632,456.7573856,0.320587757,2.18681508,1.915442579,0.847368332,0.427429154,80.5,80,81,3.727699446,131.1111111,0.929
"NSFTV_106","8a06320f.0",109.2381636,0.098955274,0.912598879,403.4032124,0.30195964,2.631364554,2.05335371,0.851555245,0.612359565,102.8333333,75,108,3.493979115,93.83333333,0.826
"NSFTV_107","7b7a0d82.0",200.5131636,0.182705274,0.928098879,550.2194015,0.376623629,2.139531221,1.81485371,0.648721911,0.391192898,81.41666667,46,74,3.012261576,114.25,0.65
"NSFTV_108","e3b049a9.0",188.2628887,0.181439932,0.973981309,581.6839083,0.379724561,1.893273027,1.12610649,0.931388578,0.293359565,102.1666667,74,119,2.47793798,112.7777778,0.845
"NSFTV_11","1d0066e2.0",171.1112863,0.159611913,0.94641844,662.9899922,0.480133833,2.367685724,1.567601409,0.801121771,0.390532343,NA,NA,NA,NA,NA,NA
"NSFTV_110","11bf5114.0",160.9132435,0.157110041,0.972351632,542.6732925,0.460296987,2.08387416,1.469521221,0.628666115,0.318843598,150.5,72,145,3.601868077,143.4444444,0.745
"NSFTV_112","531e23fa.0",145.8881636,0.133955274,0.902598879,412.1719608,0.34624105,1.612864554,1.04190319,0.580221911,0.204531316,97,78,178,3.438011355,151.4285714,0.845
"NSFTV_113","7a723d9e.0",144.8295554,0.131106599,0.908314642,455.125139,0.334531761,3.221443557,2.210689823,0.801221911,0.334359565,59,53,49,3.325689829,90.90909091,0.852
"NSFTV_114","eac19fb8.0",180.4381636,0.157455274,0.882098879,472.0473376,0.313044067,2.616031221,1.792020377,1.041721911,0.449359565,84.58333333,80,122,3.028522096,108.8333333,0.621
"NSFTV_115","0bca95e0.0",282.9131636,0.253705274,0.924098879,504.4102059,0.27986709,2.227031221,1.508100508,0.697388578,0.22717162,105,65,108,2.890371758,123.3333333,0.886
"NSFTV_116","6cedf6aa.0",374.4881636,0.302705274,0.824098879,547.0590314,0.387540528,2.039031221,1.36885371,0.612055245,0.279026231,91.08333333,80,111,2.696876901,136.0833333,0.818
"NSFTV_117","5b144b9c.0",254.0881636,0.224955274,0.896848879,604.3977104,0.374433996,2.543031221,2.166624355,0.806388578,0.474329306,82.75,77,77,3.928552307,135.0833333,0.917
"NSFTV_118","71bd9426.0",118.7462648,0.111789435,0.941737609,433.7082628,0.291678594,2.675031221,1.688950562,0.947388578,0.329159528,73.33333333,65,85,3.17805383,106.8888889,0.909
"NSFTV_119","3aa51818.0",173.6289721,0.156066498,0.913051291,519.9500614,0.295617198,2.123414164,1.433299891,0.841911588,0.436541042,114,NA,149,3.648491393,90.91666667,0.717
"NSFTV_120","8e6220e5.0",246.3128553,0.197533899,0.80743335,584.3840064,0.406755304,2.279914164,1.871799891,0.857244922,0.497041042,92.91666667,79,114,2.978925155,135.0833333,0.894
"NSFTV_121","280279b3.0",213.1128553,0.190283899,0.91168335,481.3637247,0.382445384,2.274747497,1.761367847,0.774911588,0.387374375,84.16666667,66,126,2.803360381,113.6666667,0.714
"NSFTV_122","b6dc1bcc.0",236.0878553,0.153783899,0.66743335,419.4052216,0.28114643,2.652840255,1.857633225,0.893878618,0.491541042,107.1111111,76,149,3.355735008,160.1666667,0.783
"NSFTV_123","714ac141.0",209.9628553,0.191033899,0.91568335,639.6260529,0.456868582,2.511354331,1.693867847,0.745411588,0.321207708,92,80,88,3.789855371,132.1111111,0.874
"NSFTV_124","6c91b63d.0",171.3124577,0.160910903,0.963659809,421.4421988,0.31064941,2.070421622,1.217990931,0.503471778,0.14619901,NA,NA,NA,NA,NA,NA
"NSFTV_125","63f298ba.0",296.2878553,0.244033899,0.84693335,582.9256889,0.415388072,2.798414164,2.084201181,0.844911588,0.412707708,92.75,80,88,3.801091445,153.0833333,0.852
"NSFTV_128","76a1efc9.0",183.4628553,0.149283899,0.82618335,452.9529631,0.280944012,1.958914164,1.490133225,0.621578255,0.340874375,81.25,NA,108,3.273995124,116.5555556,0.878
"NSFTV_129","8fafd383.0",325.5128553,0.289283899,0.90393335,631.8930208,0.503467479,2.568283829,1.942951181,0.673244922,0.399707708,88.83333333,77,88,3.795489189,136,0.78
"NSFTV_13","660f0236.0",122.0618364,0.105294726,0.860151121,484.8913665,0.189651689,2.714968779,1.954107709,1.074111422,0.445140435,100.3333333,73,94,3.493134877,135.1666667,0.896
"NSFTV_130","a796716d.0",247.6755382,0.20891574,0.841073272,622.0789694,0.531515978,2.565414164,1.535966558,0.883244922,0.317374375,87.75,76,81,3.83765859,144.3333333,0.895
"NSFTV_131","d09d62e7.0",111.0378553,0.107033899,0.95868335,451.7028432,0.352878416,2.039247497,1.559534514,0.664411588,0.304374375,80.77777778,68,91,3.453157121,139.6,0.864
"NSFTV_132","02cc7c6d.0",100.6378553,0.092033899,0.90018335,569.0636024,0.398403787,1.924414164,1.855299891,0.836244922,0.437874375,104.8333333,80,117,3.149882953,128.8888889,0.818
"NSFTV_133","1a95985b.0",233.4124671,0.233457758,1.004515068,466.5577504,0.417299101,1.601788387,1.169770221,0.455911588,0.245921763,89.625,NA,201,2.95099638,119.25,0.771
"NSFTV_134","4ab486ec.0",135.0628553,0.123533899,0.91618335,400.2823173,0.215808183,2.661747497,2.102966558,0.894244922,0.516041042,81.6,66,88,2.47730205,110.8181818,0.83
"NSFTV_138","1a946dc6.0",178.1378553,0.123783899,0.73193335,447.189886,0.266625228,2.215617163,1.678392788,0.801045285,0.399032226,NA,NA,165,3.737669618,139.2222222,0.379
"NSFTV_139","bd0d322b.0",197.6378553,0.168783899,0.86068335,472.3123594,0.373671931,1.429749195,1.39037367,0.544751779,0.328541042,89.6,78,114,2.602689685,107.1,0.812
"NSFTV_140","85551f9c.0",175.6878553,0.143783899,0.82993335,453.8765891,0.336287399,2.217214328,1.884299891,0.684170568,0.370541042,82.45454545,64,88,3.113515309,99.81818182,0.668
"NSFTV_141","a8319fc6.0",371.5128553,0.275033899,0.76743335,547.5802764,0.474369375,2.119580831,1.742249506,0.643244922,0.297489389,100.5,76,149,3.592735594,129.3333333,0.509
"NSFTV_142","806c51cc.0",230.3378553,0.195033899,0.85718335,539.77047,0.373450246,2.239580831,1.678566903,0.705573765,0.292021392,111.8888889,97,165,3.884994333,194.3333333,0.847
"NSFTV_143","3ea144c5.0",206.8628553,0.172783899,0.84543335,378.3541995,0.302281724,1.935840255,1.476226121,0.718211951,0.347698892,96.33333333,NA,209,3.352407217,97.5,0.906
"NSFTV_144","3269952e.0",196.6628553,0.177783899,0.91418335,416.1611498,0.331873334,1.99099997,1.402074467,0.656524944,0.232437398,NA,NA,206,NA,75,0.909
"NSFTV_145","17c4070a.0",209.0378553,0.191533899,0.91818335,433.3868753,0.273724096,2.782130304,2.415725756,0.937431834,0.623937398,97,NA,235,3.691999581,157.1,0.594
"NSFTV_147","48b4f132.0",183.3628553,0.151033899,0.84243335,441.9868357,0.292450663,1.528130304,1.653642423,0.581265168,0.339770732,106.8,80,147,2.75860248,105.9166667,0.876
"NSFTV_148","ed1beb9e.0",193.5378553,0.158783899,0.81043335,586.9277264,0.388907802,2.554463638,1.720388545,0.919598501,0.44395669,NA,NA,263,NA,90.66666667,0.642
"NSFTV_149","d56e98bc.0",203.0378553,0.188033899,0.92943335,677.4001848,0.358842502,1.836001309,1.296741133,0.553431834,0.288104065,104,79,129,2.920769235,140.6666667,0.893
"NSFTV_15","e13b4d7a.0",161.9871447,0.139966101,0.87831665,445.8571669,0.278748107,1.844921622,1.565599283,0.494471778,0.304795281,NA,NA,NA,NA,NA,NA
"NSFTV_150","128dd425.0",216.7378553,0.196283899,0.91518335,499.4868625,0.292748009,1.861083303,1.546475756,0.692098501,0.331104065,83.7,79,114,3.010620886,107.9,0.524
"NSFTV_151","dee26171.0",240.1878553,0.234533899,0.97393335,445.762376,0.268515315,1.796630304,1.451559089,0.498265168,0.236437398,90.4,NA,223,3.328228362,81.1,0.849
"NSFTV_152","e4533c8b.0",84.78785531,0.099283899,1.10193335,473.9718391,0.399445438,1.859083303,1.33383403,0.555898864,0.288595249,83.16666667,64,93,3.463128339,153.6666667,0.902
"NSFTV_153","40f343f4.0",190.1878553,0.180783899,0.95143335,543.3855051,0.455778483,2.035963638,1.524142423,0.690931834,0.326104065,84.25,78,93,3.212186837,143.8333333,0.895
"NSFTV_154","dfdfb828.0",224.5378553,0.209283899,0.94118335,565.1174507,0.355720388,2.916833303,2.085241133,0.847098501,0.558270732,76.91666667,64,92,3.016351561,113.3333333,0.819
"NSFTV_155","9127f236.0",171.9296408,0.145138939,0.848160576,420.051523,0.325281093,2.466630304,1.618128309,0.775598501,0.349179752,82.5,77,93,3.48635519,116.8333333,0.906
"NSFTV_156","93387d96.0",257.3378553,0.194533899,0.77818335,532.694017,0.341227304,2.189463638,1.771971878,0.738598501,0.409665024,93.83333333,80,107,3.79173684,98.08333333,0.853
"NSFTV_157","2db62b89.0",117.6632435,0.107110041,0.900851632,411.4360712,0.291798094,1.71624997,1.260392423,0.413265168,0.248104065,88,80,143,3.266607228,98.22222222,0.814
"NSFTV_158","6516a500.0",147.4128553,0.122783899,0.85618335,460.1174034,0.301873644,1.571630304,1.302612977,0.551265168,0.201898814,90,NA,147,3.184974273,102.1666667,0.739
"NSFTV_159","4ef132dc.0",121.5963181,0.11855928,0.977072777,458.9845017,0.261715229,1.65064893,1.395770658,0.212141873,0.208356282,NA,NA,NA,NA,87.33333333,NA
"NSFTV_16","f0328a18.0",152.8118364,0.141044726,0.905651121,352.4870774,0.331082631,2.080968779,1.497941043,0.646278089,0.336140435,90.25,65,112,3.431295413,161.8333333,0.859
"NSFTV_160","f659d521.0",165.3628887,0.156439932,0.947981309,342.7907012,0.297038775,1.759337939,1.301465272,0.465605277,0.294766283,82.83333333,67,107,3.392829132,134,0.897
"NSFTV_161","4f643bf5.0",192.0822155,0.165116637,0.865103655,584.6243052,0.438929184,1.642845853,1.336715822,0.463803434,0.248618747,97.25,NA,113,3.501545355,96.11111111,0.791
"NSFTV_162","2b28e441.0",207.8371447,0.169716101,0.79881665,515.7627048,0.355036129,1.826318944,1.49727146,0.629427354,0.326434053,111,78,116,3.763136225,129.1111111,0.664
"NSFTV_163","192e24ab.0",242.3881636,0.195455274,0.823348879,460.693009,0.387069994,2.461533674,1.692849779,0.960438611,0.332766283,102.75,96,148,4.099884743,143.9166667,0.846
"NSFTV_164","72497775.0",129.2121447,0.107466101,0.85781665,424.097872,0.343468621,1.62268116,1.30977146,0.568614315,0.32060072,104.8333333,72,133,2.737249356,110.8333333,0.894
"NSFTV_165","9b2223bb.0",227.0881636,0.189955274,0.848598879,479.1762155,0.344767573,2.147867007,1.755908172,0.796271944,0.469627043,85,77,97,2.538973871,134.6666667,0.631
"NSFTV_166","61152244.0",224.4371447,0.207966101,0.92381665,626.2851033,0.400020457,2.683485611,1.895938126,0.867594021,0.357434053,104.0833333,78,100,3.55296427,161,0.737
"NSFTV_167","8e941960.0",161.1371447,0.150466101,0.93131665,495.3332468,0.376820627,1.786097192,1.35177146,0.417136767,0.348934053,88.08333333,71,83,3.028522096,90.33333333,0.542
"NSFTV_169","ba028784.0",198.2381636,0.193455274,0.985348879,492.0003781,0.370085926,2.281533674,1.77286225,0.651605277,0.341752569,85.75,77,102,3.228826156,143.8571429,0.429
"NSFTV_17","446f6c62.0",218.8910075,0.187882725,0.89003351,593.9948684,0.391493558,1.761478735,1.065441043,0.458444756,0.271992293,83,NA,93,3.526360525,88,0.933
"NSFTV_171","b238d197.0",59.41214469,0.052216101,0.94206665,616.835832,0.431552185,2.211318944,1.84927146,0.512927354,0.383934053,70.66666667,60,76,3.757316616,87.16666667,0.861
"NSFTV_172","9ac72c9e.0",100.8371447,0.089216101,0.94006665,608.8680506,0.440422622,1.993985611,1.56927146,0.680927354,0.384434053,73.5,66,76,3.52144651,86,0.886
"NSFTV_173","0f847952.0",165.8121447,0.151466101,0.91981665,422.1307798,0.346287839,2.025625526,1.49377146,0.647867362,0.322267386,90.33333333,NA,80,2.85263143,88.11111111,0.875
"NSFTV_174","08de34ee.0",235.1943349,0.192571175,0.837109741,486.7791393,0.349540006,2.835804002,2.238794775,0.893910376,0.495466706,101.0833333,78,118,2.47793798,151.6666667,0.828
"NSFTV_176","8cfa8fb2.0",212.4830877,0.183197496,0.871324787,614.6765979,0.352316744,1.793763154,1.638590547,0.476574955,0.425633373,98.85714286,91,157,2.668384945,131.6666667,0.847
"NSFTV_177","15e6c437.0",190.0871447,0.167466101,0.88431665,439.922532,0.345193502,2.129818944,1.557938126,0.574760688,0.31360072,76,65,76,3.595026545,90,0.881
"NSFTV_179","5505a767.0",180.0743349,0.160171175,0.907109741,387.7638614,0.301980228,2.379318944,1.747938126,0.635147946,0.278925039,71.83333333,66,70,3.585831078,97.41666667,0.919
"NSFTV_18","cbd6b346.0",158.5663079,0.141675166,0.895302326,545.5994634,0.427043536,2.764302112,1.710618734,0.685278089,0.296307102,98.83333333,67,129,3.858973784,132,0.954
"NSFTV_180","f948d7b5.0",160.7621447,0.171971175,0.828709741,441.7736332,0.350261982,2.280152278,1.493438126,0.794939613,0.305466706,79.41666667,67,123,3.10980473,112.75,0.825
"NSFTV_181","8cd35626.0",240.7112863,0.216611913,0.888751774,433.3966823,0.358209974,1.753114848,1.335023664,0.491427354,0.219934053,107.2222222,NA,217,3.341093458,126.1666667,0.794
"NSFTV_182","024bbd20.0",152.0943349,0.140571175,0.953509741,416.6164028,0.273520543,2.175152278,1.69977146,0.660939613,0.292716706,107.3333333,NA,211,2.90416508,128,0.878
"NSFTV_183","c08a5ea2.0",210.6621447,0.175716101,0.84481665,498.6758196,0.321506259,1.629095853,1.448604793,0.588303434,0.328434053,94,76,118,2.751535313,122.4444444,0.893
"NSFTV_184","7119ebee.0",217.4512945,0.18840589,0.873375759,433.0261004,0.314663805,1.840629526,1.595631938,0.498427354,0.405767386,83.75,66,141,2.608843551,117.8333333,0.853
"NSFTV_185","c97be7ae.0",228.0743349,0.209371175,0.928709741,506.5521973,0.336051875,2.16593116,1.68377146,0.739814613,0.425591706,92.5,73,105,2.922265122,127.4166667,0.847
"NSFTV_186","4559ff3f.0",218.4164211,0.197530829,0.915991453,496.3146539,0.424446806,1.721152278,1.199104793,0.443564613,0.180716706,87.5,79,144,3.098589659,107.0833333,0.815
"NSFTV_187","60e142c3.0",385.4743349,0.286371175,0.741909741,437.2954836,0.35972622,1.431152278,1.293104793,0.420939613,0.232383373,76.33333333,77,87,2.696876901,106,0.9
"NSFTV_188","bf18cbae.0",249.8343349,0.209771175,0.845909741,481.7003397,0.373806993,1.77163986,1.469500815,0.649006763,0.375788631,101.5,72,148,2.881069365,120.0833333,0.836
"NSFTV_189","661eaeaa.0",119.7794808,0.115387598,0.995704331,530.8633249,0.377392466,3.054267018,2.185173885,1.013286,0.500414521,79.75,77,82,3.64414356,141.6666667,0.88
"NSFTV_19","d22c8e33.0",168.0868364,0.150794726,0.910651121,471.3466364,0.301733307,2.829061536,2.248033939,1.037078452,0.56713162,84.66666667,50,77,3.731699451,121.1666667,0.895
"NSFTV_190","bf7afed8.0",217.3871447,0.197716101,0.91581665,432.6863744,0.286464686,1.940433685,1.384667482,0.469690409,0.283464312,111.5,80,176,NA,110.6666667,0.66
"NSFTV_191","97ce6839.0",114.1943349,0.099371175,0.888509741,422.7735396,0.300845805,2.187433685,1.729877157,0.665286,0.318321422,82.75,61,105,3.149882953,152,0.871
"NSFTV_192","fdd98970.0",149.9871447,0.134466101,0.90931665,395.1723596,0.311772756,2.415433685,1.805167482,0.566690409,0.254797645,55.75,55,52,3.301990732,93.75,0.618
"NSFTV_193","5632be21.0",193.6621447,0.172216101,0.90506665,568.5242931,0.40500006,1.904767018,1.574334148,0.584357075,0.418630978,101.5,66,142,2.449567283,120.1818182,0.812
"NSFTV_195","3c10a4b8.0",195.6892387,0.176206803,0.909134356,592.1895405,0.370952452,2.308100351,1.911356418,0.884786,0.565663631,92,79,107,2.722756348,95.5,0.785
"NSFTV_198","818143d8.0",143.8143349,0.132371175,0.946509741,476.8953272,0.369388291,1.932600351,1.497667482,0.713827667,0.345705298,84.75,75,100,3.205452805,90.83333333,0.869
"NSFTV_199","958ed737.0",235.7871447,0.205466101,0.87006665,585.0763801,0.393344716,2.117767018,1.629000815,0.796190409,0.424630978,91.75,78,84,2.961830722,116.0833333,0.565
"NSFTV_2","cd22c3de.0",247.5621447,0.163611913,0.87131665,405.6187246,0.289866671,1.860328865,1.710020884,0.665171415,0.376094242,NA,NA,NA,NA,NA,NA
"NSFTV_200","c8a73fe7.0",166.8143349,0.139771175,0.839909741,494.2205339,0.347437087,2.306933685,1.600025834,0.740199339,0.368467451,103.75,76,98,3.80666249,137,0.864
"NSFTV_201","263f2baf.0",313.1378553,0.265033899,0.88768335,560.4167834,0.378714332,1.753611469,1.21878507,0.462694889,0.306439047,105.6666667,67,132,2.456735773,111.25,0.889
"NSFTV_202","ccdc6d39.0",310.4631636,0.248455274,0.798848879,558.8858354,0.369322041,1.734771797,1.765760813,0.515421548,0.263201714,93,71,113,3.149882953,127.25,0.687
"NSFTV_203","f46f03bf.0",129.4128553,0.116033899,0.89193335,560.225257,0.368211335,2.683894005,1.978137155,0.600694889,0.401967657,81.83333333,76,80,3.944812828,143.8333333,0.894
"NSFTV_204","778cea6e.0",286.2378553,0.250783899,0.88893335,499.4702517,0.323622736,2.138078378,1.695470489,0.651694889,0.358467657,76.75,76,87,3.113515309,112.6666667,0.804
"NSFTV_205","348853a5.0",204.5128553,0.155783899,0.937460182,538.3369246,0.4149484,1.910078378,1.749236456,0.591028222,0.336334731,78.25,66,100,2.862200881,115.3333333,0.915
"NSFTV_206","37249a74.0",239.3378553,0.224283899,0.96068335,582.5346943,0.40808901,2.047245045,1.508970489,0.618194889,0.31480099,101.4166667,78,113,3.468336684,187.8888889,0.621
"NSFTV_207","d628ec3a.0",170.0628553,0.155783899,0.92793335,528.8649666,0.427689124,1.904578378,1.22894631,0.566528222,0.268648814,100,84,137,3.441130092,121.5,0.739
"NSFTV_208","e876c9ec.0",292.8128553,0.242533899,0.84468335,576.4421619,0.435951005,1.79334553,1.391137155,0.529028222,0.253634324,112.9,77,130,3.786711703,141,0.893
"NSFTV_209","5384be83.0",173.1378553,0.170533899,0.97043335,633.5593751,0.508126759,1.866911711,1.371637155,0.554694889,0.29080099,84.5,77,82,3.55296427,88.55555556,0.93
"NSFTV_21","fa4c4111.0",72.83683642,0.058294726,0.854151121,454.8509495,0.362036298,2.520973117,1.879202067,0.567611422,0.352973769,98.75,73,101,4.108137884,127.25,0.867
"NSFTV_211","5497b233.0",246.3628887,0.182439932,0.749848879,512.0484616,0.312329806,2.14510513,1.35667466,0.852088215,0.310691544,70.08333333,66,107,3.083437854,101.1666667,0.911
"NSFTV_213","b2320902.0",233.8128553,0.190783899,0.84868335,588.3943224,0.445695537,2.205411711,1.508137155,0.669028222,0.357967657,82.5,70,92,2.730029108,120.0833333,0.808
"NSFTV_214","34df4fca.0",256.7878553,0.212533899,0.84668335,520.5020691,0.29690122,1.562278136,0.902470489,0.426694889,0.161467657,98.58333333,80,125,2.880219386,123.1666667,0.844
"NSFTV_215","fed1dbae.0",223.7128553,0.186533899,0.86418335,556.9575158,0.341217663,2.255578378,1.967137155,0.729528222,0.486634324,103.0833333,73,116,2.876385516,101.0833333,0.898
"NSFTV_216","149fb038.0",221.3628553,0.193533899,0.88668335,485.7683632,0.308400011,1.644078378,1.136303822,0.464528222,0.20080099,109.0833333,NA,217,3.663561646,103.3333333,0.844
"NSFTV_217","915c0033.0",232.3128553,0.193283899,0.85368335,397.6289577,0.342617386,1.940171136,1.604730052,0.549328585,0.318292174,79.5,70,100,2.862200881,120.75,0.829
"NSFTV_218","85da3a70.0",278.2378553,0.239283899,0.88218335,580.3853019,0.396368372,1.599078378,1.329190998,0.471361555,0.233543344,85.83333333,78,141,3.245193133,113.75,0.745
"NSFTV_219","199f4455.0",257.8878553,0.226533899,0.91543335,419.1489146,0.361705087,2.481644627,1.746803822,0.779002608,0.335134324,56.25,52,49,3.390024081,87.75,0.784
"NSFTV_22","52c6e2ba.0",225.1442087,0.213716746,0.949531067,619.2128569,0.411457801,2.252874737,1.642865105,0.987281441,0.389307102,101.6666667,73,100,2.512305624,120.6666667,0.875
"NSFTV_220","c5bf98cc.0",211.4628553,0.180033899,0.85918335,429.8613865,0.277572346,2.625181056,1.813470489,0.819069494,0.56180099,62.83333333,65,59,3.54337187,95.25,0.821
"NSFTV_221","311aaf30.0",235.0378553,0.199533899,0.86293335,349.0037753,0.271661273,2.374245045,1.515637155,0.656665904,0.290967657,72.66666667,60,80,3.171085161,117,0.881
"NSFTV_222","7cfe4a0c.0",208.8378553,0.172283899,0.83868335,542.9615044,0.467938641,2.759911711,2.180612977,0.881361555,0.488398814,79.75,65,73,3.834061464,143.25,0.892
"NSFTV_223","f73fa9e9.0",219.4878553,0.180283899,0.84068335,539.4360433,0.371284245,2.525245045,1.895569789,0.783194889,0.381584731,86.08333333,80,76,2.871679625,121.1666667,0.836
"NSFTV_224","f2e9bed5.0",272.7381636,0.242455274,0.898848879,433.1728133,0.359167053,2.632578378,1.826760813,1.083861555,0.452701714,89.75,65,78,3.044522438,110.5833333,0.842
"NSFTV_225","a31b4a06.0",261.0878553,0.222783899,0.87718335,454.9184866,0.191073083,2.453245045,1.853470489,0.787861555,0.427134324,77.25,64,80,3.083437854,103.0833333,0.917
"NSFTV_226","536afc14.0",316.3128553,0.282783899,0.90068335,546.0989134,0.368353667,1.913078378,1.351137155,0.666861555,0.34630099,78.75,67,92,2.63905733,100,0.877
"NSFTV_227","a7983b03.0",219.6378553,0.228033899,1.03943335,441.3283116,0.305298835,2.803745045,1.966303822,1.094694889,0.515634324,107.1666667,NA,127,3.208825489,145.9166667,0.853
"NSFTV_228","195567bf.0",154.7628553,0.155033899,0.99893335,673.1179599,0.334531329,2.449512062,1.504717703,0.752496116,0.453639454,77.91666667,77,79,3.771482983,118.8181818,0.98
"NSFTV_23","7741d7c1.0",340.8118364,0.294794726,0.857151121,541.2325995,0.311702315,1.85930645,1.546441043,0.813111422,0.424473769,103.4444444,82,124,2.899588413,112.4444444,0.737
"NSFTV_231","49649a00.0",177.4128553,0.162533899,0.91018335,630.7233173,0.326155133,2.319411711,2.121587505,0.621694889,0.533742453,65.5,54,68,4.171819874,75.08333333,0.93
"NSFTV_232","c528bce0.0",265.3630836,0.236300507,0.900846127,629.3641932,0.409147135,1.533284618,0.858231659,0.402421548,0.13986838,66.66666667,58,68,3.373026505,70.58333333,0.933
"NSFTV_233","ca615802.0",206.9140452,0.163903064,0.786151121,407.6345074,0.230367723,2.275363649,1.471725502,0.508683632,0.285968761,69.58333333,66,68,3.139110856,81.91666667,0.872
"NSFTV_234","32ca1759.0",159.9618364,0.147794726,0.909651121,622.7641799,0.449723152,2.298363649,1.611500923,0.646016966,0.444107369,75.25,61,76,4.124442593,83.5,0.928
"NSFTV_235","13ae4f27.0",110.4118364,0.100794726,0.926151121,528.3994671,0.324167912,3.394863649,2.812058835,1.024016966,0.808302094,82.91666667,67,76,3.688879454,139.5,0.878
"NSFTV_236","eb17cda6.0",244.9618364,0.191044726,0.792901121,627.6982757,0.361147665,1.568796848,1.243892169,0.373350299,0.184802094,82.08333333,76,92,3.238678452,117.25,0.751
"NSFTV_237","dc2cf39b.0",220.3368364,0.181544726,0.874151121,438.6595461,0.266671361,2.741196982,2.286892169,0.829850299,0.419968761,75.58333333,66,76,2.823361048,95,0.864
"NSFTV_238","9b36ce98.0",165.0618364,0.142044726,0.868401121,492.510382,0.326348864,1.712196982,1.407725502,0.414016966,0.298802094,NA,NA,NA,NA,NA,NA
"NSFTV_239","523d5ec4.0",269.5603877,0.243517615,0.914454597,551.4120936,0.349130779,2.185701752,1.446299952,0.606280934,0.332586046,78.5,76,85,2.756840365,106.8888889,0.858
"NSFTV_24","e074229f.0",165.7868364,0.161044726,0.964151121,608.7781221,0.362950501,2.312302112,1.387774376,0.995611422,0.407307102,90.91666667,76,114,2.899588413,132.8333333,0.814
"NSFTV_240","6f263bd1.0",234.1621447,0.218716101,0.95256665,579.2374437,0.387619258,2.043804429,1.377932173,0.697992024,0.3349287,77.33333333,77,87,2.751535313,103.75,0.87
"NSFTV_241","2a7724c1.0",117.7121447,0.115466101,1.02156665,558.8141577,0.397209595,1.740804429,1.365736017,0.472325358,0.298762033,92.25,77,100,3.54577861,98.77777778,0.811
"NSFTV_242","b21f7528.0",274.7317586,0.224950251,0.845057091,454.8261651,0.314248601,1.796848161,1.409641481,0.566658691,0.297353388,81.75,52,48,3.198673118,115.1666667,0.913
"NSFTV_243","44aeff79.0",176.5121447,0.145466101,0.86556665,444.0688621,0.252187584,3.084804429,2.249765506,0.835992024,0.4279287,61.75,76,80,3.633190548,86.33333333,0.847
"NSFTV_244","5efe8622.0",183.2222155,0.158116637,0.903303655,398.7843406,0.234215609,2.474637763,1.908098839,0.762325358,0.454262033,106.4166667,80,117,3.251665648,100.5,0.6
"NSFTV_245","8a41a10a.0",194.1371447,0.181716101,0.94331665,403.1426275,0.335427804,2.285230634,1.662102756,1.022102845,0.425601003,78.91666667,76,80,3.094823176,115.9166667,0.926
"NSFTV_246","e0815776.0",153.7621447,0.148966101,0.99031665,564.1486999,0.335594447,2.460201752,1.743879368,0.852614267,0.495997076,94.75,64,73,3.54337187,125,0.973
"NSFTV_247","de7ac7bf.0",218.8121447,0.202466101,0.92806665,297.2517774,0.217520908,1.937878339,1.435005943,0.678024994,0.282104182,74.91666667,65,80,3.617651945,97.25,0.881
"NSFTV_248","9b37187d.0",191.2371447,0.159716101,0.82856665,419.6477597,0.305502393,2.415045005,1.663839276,0.742524994,0.371270849,77.5,66,54,2.833213344,119.5833333,0.815
"NSFTV_249","87621330.0",211.8469623,0.194543226,0.932567845,447.8729617,0.359557921,2.330545005,1.801516967,0.713858328,0.306270849,74.33333333,62,59,3.326234343,103.25,0.662
"NSFTV_25","1ce7093b.0",342.9368364,0.320794726,0.934151121,462.8154625,0.342222829,1.728530659,1.261607709,0.766218684,0.308473769,92.18181818,75,108,3.139438994,132.125,0.891
"NSFTV_250","88e1f162.0",136.0121447,0.117216101,0.89831665,582.2282573,0.319799279,2.572711672,1.623505943,0.475858328,0.192104182,57.75,53,59,3.32323584,94.66666667,0.841
"NSFTV_251","f25ad349.0",213.5121447,0.217216101,1.03981665,491.9018775,0.377274303,1.121067543,1.152824484,0.28762143,0.198604182,87.75,79,104,3.146305132,90,0.765
"NSFTV_252","56f5103e.0",165.9112057,0.159131694,0.968787173,397.164087,0.218320366,2.258545005,1.521337593,0.481691661,0.310820388,75.75,78,90,3.874667219,136.25,0.805
"NSFTV_253","1911c363.0",286.9371447,0.269216101,0.93406665,655.6833032,0.369242573,1.636549343,0.987672609,0.320691661,0.162104182,82.66666667,78,100,2.995732274,110.8888889,0.782
"NSFTV_255","3fb62843.0",124.5871447,0.115966101,0.93731665,627.8390474,0.42151951,3.099942328,2.345619805,0.891147237,0.582839225,95.91666667,68,76,3.657130756,124.3333333,0.902
"NSFTV_256","0be20a08.0",256.4871447,0.240716101,0.92131665,532.4252925,0.332954718,3.331545005,2.020339276,1.190524994,0.433437515,62.75,55,54,3.463128339,100.6666667,0.859
"NSFTV_257","cb9c18df.0",164.695791,0.14957757,0.924659809,444.6244708,0.164834521,2.931882676,2.032048451,1.134640316,0.509162746,66.83333333,60,68,3.070633582,90.75,0.782
"NSFTV_258","60c362f1.0",196.9371447,0.178716101,0.91481665,500.9732741,0.319716958,2.234545005,1.974172609,0.690024994,0.505770849,102.5,75,100,2.999890284,125.75,0.874
"NSFTV_259","fe70ec33.0",188.1871447,0.190216101,1.04006665,457.4521206,0.330427501,2.473545005,1.914839276,1.018858328,0.606937515,103.4166667,77,100,3.375879574,148.3333333,0.887
"NSFTV_26","32a15c4d.0",276.0758738,0.251911033,0.918750543,510.4900587,0.31864335,2.136853694,1.548259063,0.757111422,0.365640435,92.33333333,76,117,2.651960734,136.9166667,0.856
"NSFTV_260","bfa16661.0",122.4871447,0.113466101,0.94681665,463.484512,0.291951081,2.613222285,1.930564701,0.967774428,0.378707826,89.41666667,NA,116,3.251665648,168,0.715
"NSFTV_261","ceb798a3.0",161.8621447,0.140716101,0.87881665,483.4290344,0.292606502,2.983211672,2.242654188,1.042191661,0.540437515,79.75,67,92,3.963982744,102.6666667,0.916
"NSFTV_262","f30e146b.0",214.5621447,0.203716101,0.94906665,440.165964,0.33374791,2.669045005,1.846005943,1.249691661,0.505104182,103.4166667,78,107,3.462890951,130,0.926
"NSFTV_263","c7d2513e.0",146.4621447,0.132716101,0.92131665,434.6913182,0.226888428,2.880211672,1.573339276,1.026858328,0.344604182,73.25,65,76,2.931193752,108.1666667,0.903
"NSFTV_264","f2f12364.0",251.4371447,0.203716101,0.80406665,430.3677733,0.31242745,2.824211672,2.144505943,1.149858328,0.600770849,78,66,85,3.075774981,102.8333333,0.881
"NSFTV_265","544f48c0.0",216.1121447,0.187716101,0.86506665,453.3132381,0.356367743,2.641045005,2.031172609,0.870524994,0.526604182,77.91666667,78,92,2.818398258,127.5833333,0.879
"NSFTV_266","f7da2506.0",291.0371447,0.272466101,0.93831665,448.1330933,0.326920216,1.445838737,1.344839276,0.452859619,0.414270849,70.75,72,76,2.881069365,110.1666667,0.928
"NSFTV_267","aceb3352.0",258.0112863,0.217945246,0.82341844,396.2765038,0.262045206,2.134878339,1.667264734,0.560858328,0.278088605,77.16666667,66,87,3.506557897,97.25,0.901
"NSFTV_268","b49ad0db.0",150.9371447,0.152216101,1.03856665,393.616645,0.22376585,2.665049343,2.082350301,0.823056982,0.514921939,60.4,65,59,3.388618599,106,0.846
"NSFTV_269","092f15e7.0",126.5371447,0.128216101,1.06581665,454.5802434,0.351526681,2.540545005,1.830839276,0.944024994,0.523937515,105.8333333,NA,100,3.113515309,92.58333333,0.688
"NSFTV_27","1956dd3f.0",215.7624671,0.177957758,0.839015068,596.5228322,0.336310274,2.225802112,1.533906359,0.621611422,0.378270053,89.75,78,100,2.614959778,96.33333333,0.824
"NSFTV_270","6815ec6d.0",206.2621447,0.174216101,0.84456665,402.8358191,0.301614907,2.435799343,1.952005943,0.731306982,0.396604182,73.75,66,85,2.922265122,108.8333333,0.85
"NSFTV_271","b67fd5f6.0",214.7121447,0.202716101,0.95081665,502.3369799,0.367694886,2.550211672,1.857172609,0.799691661,0.371770849,78.66666667,63,100,2.627081139,114.25,0.786
"NSFTV_272","c7301040.0",160.3630836,0.149800507,0.945846127,664.9129196,0.43916276,1.945855092,1.238176526,0.454503008,0.188693152,108.0833333,62,107,3.412247218,142.4444444,0.549
"NSFTV_273","493f2b7e.0",200.5446197,0.191278579,0.93106665,631.0143072,0.296895194,2.144878339,1.341491439,0.564858328,0.237109819,82.16666667,78,113,2.813410717,130.8333333,0.811
"NSFTV_274","7dba928e.0",133.7230959,0.128991473,0.990282105,519.3340688,0.359541546,2.026152607,NA,0.429276286,0.317005104,106,74,100,2.590267165,147.9166667,0.779
"NSFTV_275","07dac217.0",158.0878553,0.145783899,0.92793335,414.6302274,0.320282567,2.324618252,1.511395366,0.827030261,0.318761464,77.66666667,65,76,3.012261576,100.25,0.889
"NSFTV_277","1516d75f.0",190.8128553,0.158783899,0.88143335,453.6368015,0.264262275,2.223517212,1.487645366,0.621858413,0.374252759,82.33333333,67,138,3.075774981,101.1,0.766
"NSFTV_278","17627a92.0",222.1628553,0.140896598,0.955827242,890.0671231,0.598192554,2.349701585,0.970645366,0.546748146,0.139919426,82,NA,95,3.567182519,92.83333333,0.822
"NSFTV_279","642238d9.0",254.9378553,0.214533899,0.907827242,498.0800937,0.32291508,3.241224307,1.9147287,0.802578949,0.341669426,57.25,57,45,3.235405127,90.91666667,0.821
"NSFTV_28","b6701089.0",87.96183642,0.080544726,0.959151121,485.8980169,0.382135425,2.743968779,1.853107709,1.140278089,0.463973769,NA,NA,NA,NA,NA,NA
"NSFTV_280","58d5bdc3.0",184.043899,0.173563265,0.937793515,464.8733425,0.272427775,2.286618252,1.700599689,0.748831479,0.210669426,84.08333333,79,100,2.866951484,114.75,0.703
"NSFTV_281","85959164.0",155.7628553,0.127783899,0.87218335,426.139019,0.365046581,2.038701585,1.528105221,0.647030261,0.308261464,85.33333333,70,93,2.857427602,113.6666667,0.812
"NSFTV_282","5aa7968d.0",157.5128553,0.154783899,0.97618335,606.7682642,0.354821981,1.762784918,1.408395366,0.662748146,0.263502759,80.91666667,78,113,3.008154794,79.75,0.855
"NSFTV_283","6b37cb3d.0",168.5820704,0.141888629,0.89068335,469.4303657,0.324416466,2.300014389,1.46818996,0.705239312,0.304399281,77.58333333,74,80,3.071921412,96.41666667,0.768
"NSFTV_284","a32e0586.0",140.1128553,0.125783899,0.89243335,564.8857939,0.421258223,1.896681056,1.395087874,0.590239312,0.330954003,81,77,85,3.819542153,104,0.852
"NSFTV_285","9baa653c.0",276.7628553,0.230283899,0.84118335,658.2588097,0.373665908,1.921014389,1.439782669,0.459905979,0.301955252,79.5,67,52,2.650891787,93.16666667,0.841
"NSFTV_286","044639de.0",229.5628553,0.204783899,0.89793335,497.1614184,0.377335518,2.115034918,1.405669802,0.677239312,0.32037067,86,77,100,3.071921412,105.1666667,0.741
"NSFTV_287","0e787735.0",232.3378553,0.202533899,0.88493335,430.5613149,0.321673447,3.020964214,1.81168996,0.767277847,0.345157985,54.5,56,54,3.063390922,91.08333333,0.812
"NSFTV_288","bc6b0af5.0",193.2628553,0.159533899,0.84668335,387.5430337,0.299276809,2.76144048,1.86840837,0.711706342,0.323291188,58,54,48,3.164067588,89.33333333,0.762
"NSFTV_289","7fc911f7.0",223.9378553,0.216783899,0.96568335,432.4280286,0.303861369,2.461031406,1.629856626,1.01804054,0.346899281,63,56,61,3.283414346,98.08333333,0.89
"NSFTV_29","30646147.0",98.15820786,0.085800703,0.929982228,608.3604831,0.410324547,2.648723117,1.764274376,0.749310077,0.432807102,90.5,NA,187,NA,121.8888889,0.973
"NSFTV_290","d864377c.0",230.8624777,0.188211432,0.823760603,552.8339812,0.384637511,2.013534918,1.364179839,0.429572646,0.23516256,74.75,65,80,3.747541367,90.91666667,0.932
"NSFTV_291","b29d3bf4.0",458.7128553,0.361533899,0.81868335,591.6197625,0.287940767,1.401181056,0.93118996,0.250239312,0.127565947,67.08333333,61,68,3.387774361,67.75,0.87
"NSFTV_292","6d9c7d8b.0",247.5878553,0.209533899,0.85843335,446.6893429,0.351856047,2.623847722,1.571732329,0.778572646,0.273565947,67.83333333,NA,NA,3.174575566,107.8181818,0.84
"NSFTV_293","4c188d7c.0",236.6878553,0.219033899,0.93418335,415.190661,0.317215286,2.631514389,1.900504541,0.851604761,0.510669591,104.75,70,107,3.273995124,138.5833333,0.892
"NSFTV_294","9a60fd42.0",225.1128553,0.188783899,0.85293335,406.549255,0.287623415,1.482014389,1.271754541,0.395854761,0.220407985,85.66666667,79,96,3.326234343,107.25,0.773
"NSFTV_295","e8c621e8.0",298.295811,0.261544766,0.911093936,475.6873423,0.350642369,2.470255805,1.835257788,0.819219066,0.416336257,78.75,76,80,3.308106959,99.75,0.865
"NSFTV_296","2b81cf74.0",230.9878553,0.206783899,0.90043335,504.6787122,0.342057161,2.02944048,1.50618996,0.573373009,0.307065947,79.75,67,113,3.48635519,97.08333333,0.84
"NSFTV_297","5ae0bd70.0",188.9128553,0.189533899,0.98293335,500.1809899,0.373058969,1.778347722,1.187856626,0.486905979,0.245065947,82.83333333,67,137,3.222203615,99.91666667,0.683
"NSFTV_299","07f246bb.0",143.4378553,0.135783899,0.93643335,613.6144382,0.551531342,2.316098819,1.827645366,0.686733631,0.448565947,70.33333333,58,70,3.799227511,130.25,0.94
"NSFTV_3","5ef1be74.0",107.1621447,0.092716101,0.88231665,674.0476727,0.381801387,2.563828865,1.99965543,0.818338082,0.426874492,89.5,66,83,4.051784948,143.5,0.75
"NSFTV_30","dd6e755e.0",150.9868364,0.138794726,0.931651121,388.6451626,0.372971428,2.270389783,1.494941043,0.492944756,0.290640435,104,65,164,3.801091445,121.4444444,0.907
"NSFTV_300","16d7e397.0",179.4128553,0.159533899,0.88443335,394.6617621,0.348467243,1.861181056,1.731312033,0.549739312,0.286232614,76.25,67,73,2.908720897,99.75,0.854
"NSFTV_301","86556239.0",198.3628553,0.148533899,0.76168335,421.3135573,0.275169725,2.564448073,1.782356626,0.828623873,0.416232614,75.58333333,60,68,2.722756348,108.2222222,0.839
"NSFTV_302","234e0df9.0",243.5128553,0.190283899,0.81343335,517.9812063,0.32244688,2.389681056,1.695356626,0.699739312,0.379899281,79.25,NA,68,2.862200881,101.9166667,0.802
"NSFTV_303","73c4fdfb.0",161.5632435,0.150610041,0.934851632,423.6383189,0.335449019,1.860348819,1.388184428,0.501572646,0.278098991,81.75,67,130,3.17805383,98.41666667,0.759
"NSFTV_304","773e969e.0",234.9378553,0.195283899,0.85018335,538.9475296,0.426111515,2.630847722,1.87218996,0.779239312,0.457065947,101.0833333,67,87,3.606403232,126.5,0.797
"NSFTV_305","8288d278.0",231.7378553,0.206283899,0.90843335,419.8979111,0.343222159,2.485181056,1.945356626,0.764905979,0.437399281,76.08333333,67,113,3.128221457,123.25,0.908
"NSFTV_306","2c583eed.0",235.2378553,0.215033899,0.91993335,450.8168458,0.350401357,3.196014389,2.007523293,0.887239312,0.358899281,59.5,63,59,3.392829132,97,0.785
"NSFTV_307","c0d6eca3.0",263.3378553,0.209533899,0.82193335,504.6792031,0.283218002,1.791847722,1.146356626,0.458905979,0.180732614,78,66,76,2.674148649,101.5833333,0.867
"NSFTV_309","a0a3d697.0",293.8878553,0.214783899,0.76518335,456.0711342,0.340002048,2.415347722,1.832105221,0.984905979,0.450232614,103,79,113,2.788092909,132.1666667,0.856
"NSFTV_31","d2da857d.0",245.2868364,0.203794726,0.834651121,504.1767794,0.289621301,1.704639783,1.061274376,0.641111422,0.218140435,89,NA,239,3.044522438,118.3333333,0.932
"NSFTV_310","fbae20bd.0",255.7378553,0.217533899,0.85868335,421.2809882,0.324139977,2.005451585,1.2112287,0.807831479,0.228252759,84.41666667,NA,113,2.842969519,114.6666667,0.634
"NSFTV_311","137628a5.0",263.8963075,0.277473553,0.944685372,443.3464111,0.290497045,1.602681056,0.981315662,0.490072646,0.156065947,80.5,77,113,3.516508228,94.66666667,0.818
"NSFTV_313","872ec0b4.0",77.91214469,0.066716101,0.88181665,566.8167306,0.401069476,2.087085836,1.820328195,0.644421745,0.451458958,86.5,76,92,3.417726684,123.1666667,0.889
"NSFTV_314","ea28671d.0",138.3118364,0.118794726,0.904651121,465.5427626,0.29604638,2.077225751,1.908704537,0.762861753,0.487058235,81.16666667,77,97,3.699242241,130.6666667,0.925
"NSFTV_315","74c9fbbc.0",141.4368364,0.112044726,0.816901121,623.3231175,0.492387205,2.196392417,1.843896625,0.792195086,0.44486351,98.41666667,71,87,3.113515309,151.6666667,0.845
"NSFTV_316","b828b757.0",100.7618364,0.093044726,0.944901121,461.0984773,0.380011182,1.953225751,1.577371203,0.596861753,0.366724902,83.41666667,77,76,3.344038968,135.5,0.953
"NSFTV_317","b956dfb5.0",129.7425405,0.123244367,0.96241721,536.1418148,0.396222207,2.187718736,1.928659845,0.659695086,0.462391568,90.75,58,80,3.320228319,136.3333333,0.936
"NSFTV_318","3eb8fab5.0",145.6092072,0.139244367,0.961750543,639.8981468,0.457720802,2.343225751,1.96403787,0.814361753,0.485724902,96.16666667,75,102,3.245193133,145.5833333,0.959
"NSFTV_32","068b860d.0",174.3124131,0.155041514,0.902523152,549.3287631,0.381595794,2.138817988,1.325774376,0.603468684,0.245307102,92.66666667,NA,184,2.820055259,128.1111111,0.856
"NSFTV_320","cf44b628.0",166.0473786,0.159236397,0.961309066,432.2699829,0.350770092,2.289225751,1.609704537,0.728028419,0.332891568,97.25,69,87,3.624340933,126.75,0.952
"NSFTV_322","72cef953.0",134.8118364,0.142294726,1.048901121,464.0365668,0.347794086,1.966523226,1.48203787,0.512695086,0.367391568,98.75,NA,92,3.447338538,125,0.952
"NSFTV_323","1510e4aa.0",137.8622522,0.13096332,0.970716123,520.4291465,0.416114584,2.417225751,1.670529815,0.906695086,0.341024384,103.1666667,78,92,2.999890284,141.9166667,0.917
"NSFTV_324","0defa551.0",198.0118364,0.191044726,0.961651121,554.0185152,0.422650651,1.879225751,1.551704537,0.496695086,0.328891568,84,NA,92,3.622116238,133.9166667,0.933
"NSFTV_325","d0392fe8.0",208.1618364,0.186794726,0.888901121,528.310696,0.461145406,2.158892417,1.46703787,0.556195086,0.255891568,78.75,NA,92,3.745574798,154.4166667,0.742
"NSFTV_326","aeed4684.0",166.6118364,0.172794726,1.038401121,562.8276455,0.429231768,2.022725751,1.53853787,0.726028419,0.346724902,84.25,NA,94,3.73369347,125.4444444,0.95
"NSFTV_327","fb2b3d82.0",149.1118364,0.127044726,0.849901121,619.4327008,0.43745818,2.479059084,2.208371203,0.991695086,0.440558235,90,57,71,3.723683376,117.5,0.924
"NSFTV_328","1e4f3933.0",162.4868364,0.168044726,1.034151121,551.5197629,0.373718226,2.564059084,1.563118461,0.914861753,0.315893996,93.5,65,89,4.119037175,130.4166667,0.862
"NSFTV_329","3e58f34c.0",157.5108753,0.122383413,0.846531067,570.2741128,0.419096641,2.391842943,1.716929961,0.716008173,0.394161878,96,65,84,3.624340933,132,0.873
"NSFTV_33","2b4e06fe.0",102.4868364,0.093544726,0.918651121,498.6448623,0.348186143,2.456403773,1.654592917,0.619238728,0.41979707,82.25,63,81,3.320228319,126.25,0.958
"NSFTV_330","084e8b29.0",175.7368364,0.149294726,0.869651121,556.9930305,0.347042508,2.985725751,2.072346867,1.248695086,0.623861955,100,68,84,3.619886583,137,0.898
"NSFTV_331","d438bfed.0",129.1368364,0.132294726,1.033151121,544.5507113,0.361739697,3.025559084,2.19103787,1.189195086,0.569224902,95.5,80,80,3.235405127,113.5,0.928
"NSFTV_332","7e956f22.0",163.7118364,0.150044726,0.928901121,761.5111898,0.406859475,1.814725751,1.185371203,0.484695086,0.221724902,100.6666667,68,107,3.743604354,133.5,0.896
"NSFTV_333","22e60af9.0",138.7618364,0.100044726,0.735651121,658.0616243,0.304122,2.364725751,1.686204537,0.353861753,0.268724902,62.58333333,39,52,3.784189634,81.54545455,0.828
"NSFTV_334","09869491.0",162.933414,0.141924941,0.868391467,470.5504848,0.336607595,2.472725751,1.819143549,0.893861753,0.380083104,76.58333333,69,80,2.974678864,112.0833333,0.888
"NSFTV_335","1e26852c.0",218.8618364,0.192794726,0.879901121,432.6621511,0.336230305,1.894542659,1.348065147,0.568695086,0.219558235,81.5,78,80,3.674188739,86.5,0.837
"NSFTV_336","fa180a1e.0",153.7118364,0.149544726,0.975901121,613.8757909,0.413025149,2.065059084,1.84553787,0.791361753,0.428058235,98.25,66,92,3.258096538,129,0.959
"NSFTV_337","a7bec464.0",86.08683642,0.072294726,0.868401121,673.2774663,0.482620459,2.331059084,1.592204537,0.636195086,0.317891568,81,70,80,4.01186834,127.5833333,0.912
"NSFTV_338","fed0b9a3.0",181.9618364,0.167294726,0.911151121,492.0688404,0.342711749,1.575459325,1.195623059,0.443028419,0.198891568,79.66666667,71,117,2.999890284,111.6666667,0.871
"NSFTV_339","b3a301ea.0",104.8368364,0.106794726,1.050401121,610.7209234,0.441471493,2.470392417,1.970479958,0.775028419,0.46486351,86,80,73,3.915350796,147.25,0.783
"NSFTV_340","4b0a7350.0",248.8368364,0.242544726,0.975901121,600.1611691,0.522270583,2.443623073,1.767757336,1.052150662,0.451220027,88.16666667,77,100,3.988984047,135.6666667,0.634
"NSFTV_341","9f786a86.0",136.8368364,0.129044726,0.943013806,555.9826137,0.388710062,2.782725751,1.845204537,1.126028419,0.476891568,86.75,77,100,3.442019376,132,0.934
"NSFTV_342","ac7a352c.0",279.3368364,0.251544726,0.904401121,477.3055215,0.379886176,2.121559084,1.59553787,0.733195086,0.345558235,90.25,79,107,2.931193752,118.0833333,0.719
"NSFTV_343","b663b3f8.0",128.5612057,0.124631694,1.013287173,585.5964389,0.379829377,2.539225751,1.887743178,0.748695086,0.384258497,75.66666667,70,80,2.974678864,118.5833333,0.843
"NSFTV_345","4e35b58a.0",181.8368364,0.186794726,1.022901121,477.9251732,0.361229058,2.676225751,1.85303787,1.039695086,0.453058235,91.75,66,80,3.348307918,131.75,0.944
"NSFTV_346","80fc89ae.0",157.3368364,0.156044726,1.031901121,548.2980126,0.349470625,2.624225751,1.95303787,1.010195086,0.461391568,84.83333333,77,98,3.63758616,129.1666667,0.913
"NSFTV_347","853e318c.0",348.2618364,0.303294726,0.857401121,544.9628551,0.383947325,2.110559084,1.698871203,0.950361753,0.567724902,93.25,78,107,3.087247382,139.5833333,0.892
"NSFTV_348","a446becd.0",88.51183642,0.089294726,1.003401121,634.7328519,0.473545328,2.409059084,1.673204537,0.670195086,0.380891568,73,57,68,3.815879145,123.9166667,0.941
"NSFTV_349","a5a6e2dd.0",111.5118364,0.102044726,0.900901121,540.5373619,0.359835681,2.251725751,1.757871203,0.583528419,0.339891568,93.75,77,92,3.851919081,124.0833333,0.912
"NSFTV_35","c59435a8.0",145.6868364,0.101794726,0.749901121,594.7544917,0.317615697,2.548538779,1.700607709,0.890278089,0.444807102,NA,NA,164,NA,105.5,NA
"NSFTV_352","3f0623af.0",260.7621447,0.235716101,0.91531665,562.4657849,0.358424465,2.314088289,1.919198533,0.872638445,0.520285724,NA,NA,NA,NA,NA,NA
"NSFTV_353","af77442b.0",95.31183642,0.094294726,0.984401121,441.9275358,0.376045744,2.329842943,1.395763295,0.77167484,0.349328545,87.75,62,NA,3.654977902,127.6666667,0.931
"NSFTV_354","41be3af3.0",127.5418276,0.152966101,0.81206665,544.8812219,0.43997995,2.129725751,1.511828195,0.804861753,0.357625625,NA,NA,NA,NA,NA,NA
"NSFTV_355","122a975b.0",154.4371447,0.142716101,0.94131665,428.9283233,0.32525173,2.461600351,1.446834148,0.943357075,0.321130978,75.91666667,69,80,3.412247218,126.3333333,0.926
"NSFTV_356","f22d2dc6.0",157.0121447,0.135966101,0.84831665,572.0405715,0.26582281,2.702851296,2.280689752,1.060114682,0.633641061,87,68,80,3.923622141,151.5833333,0.878
"NSFTV_357","cc0ef8cf.0",208.8121447,0.209716101,1.02206665,665.6932522,0.456512841,2.352600351,1.709000815,1.004357075,0.513464312,99.75,101,87,2.644992065,149.3333333,0.871
"NSFTV_358","0764178c.0",213.8130836,0.188800507,0.909085107,NA,0.367020833,1.98895268,1.47227796,0.663690409,0.298464312,93.58333333,NA,135,2.953172659,127.25,0.738
"NSFTV_359","c86f37d0.0",97.66214469,0.087716101,0.92931665,475.8918297,0.373969573,1.827600351,1.591500815,0.651357075,0.374964312,82.41666667,76,92,3.499029631,131.0833333,0.926
"NSFTV_36","2593e5a7.0",163.2118364,0.141794726,0.884651121,452.9658657,0.264734981,1.982468779,1.362107709,0.573611422,0.279140435,92.41666667,NA,199,3.354677366,130.25,0.89
"NSFTV_360","6f068769.0",138.2371447,0.129966101,1.00956665,457.0332516,0.341002969,1.797769937,1.861500815,0.688857075,0.502297645,98.41666667,74,87,3.392829132,123.8333333,0.871
"NSFTV_363","e32c9d62.0",187.5112057,0.177631694,0.957287173,461.7849828,0.328683707,1.953267018,1.454500815,0.617857075,0.323964312,88,NA,120,3.284663565,98,0.586
"NSFTV_364","14e43b02.0",205.4621447,0.191716101,0.93756665,491.1517518,0.282632118,2.401767018,1.693000815,0.774357075,0.388297645,78.75,NA,86,2.633087163,93.08333333,0.865
"NSFTV_365","f2e723fc.0",230.7621447,0.213716101,0.93456665,477.9104437,0.375986908,2.054600351,1.170023085,0.618357075,0.211464312,73,66,77,3.311151101,88.91666667,0.884
"NSFTV_366","73b20824.0",222.7371447,0.194466101,0.86131665,446.2863593,0.321111527,1.881267018,1.392390152,0.537857075,0.273615631,100.75,NA,180,3.336164911,88,0.871
"NSFTV_367","e59cbfbe.0",199.5621447,0.184966101,0.93756665,476.138518,0.318006474,2.241571978,1.543334148,0.812586333,0.450130978,75.75,NA,188,3.43667177,119.25,0.886
"NSFTV_368","db737b9b.0",130.3371447,0.117466101,0.92581665,387.6364337,0.347726451,2.099100351,1.512500815,0.744190409,0.345797645,79,NA,204,3.557726184,107,0.868
"NSFTV_369","dd2bfbfb.0",188.5621447,0.164716101,0.86606665,505.9756911,0.305155314,2.605600351,2.181667482,0.962523742,0.571630978,75.75,76,79,4.074708588,119.5,0.914
"NSFTV_37","69527f35.0",174.113414,0.150524941,0.863191467,398.9459334,0.310046771,1.664802112,1.385607709,0.463111422,0.266973769,85.83333333,NA,94,2.552045953,101.5833333,0.856
"NSFTV_370","bd7aaa87.0",141.4621447,0.134966101,0.97756665,480.8896658,0.430325556,2.781933685,2.022500815,0.778023742,0.389630978,84.33333333,78,91,3.352823797,130.75,0.898
"NSFTV_371","84ad8457.0",134.8485025,0.124084954,0.969285484,396.6885819,0.304453497,2.351625181,1.822945177,0.698190409,0.425464312,83,76,99,3.352823797,133.9166667,0.903
"NSFTV_372","e8f708a5.0",181.23033,0.156894789,0.86213535,548.7566558,0.328936018,1.861600351,1.453000815,0.533190409,0.299130978,85.5,74,99,3.814042597,139.75,0.937
"NSFTV_373","c20dfc59.0",153.1621447,0.140466101,0.94006665,344.9432501,0.281784152,2.290100351,1.821334148,0.727690409,0.373464312,88.75,NA,102,3.550574783,166.6666667,0.634
"NSFTV_375","9aa2c28a.0",186.3371447,0.177216101,0.96656665,526.3224325,0.360731018,2.439588289,1.61193609,0.931471778,0.450532343,NA,NA,NA,NA,NA,NA
"NSFTV_376","de696d95.0",183.5802957,0.16487656,0.922234512,444.3193869,0.290472741,2.858433685,2.312167482,0.973190409,0.573797645,79.5,67,86,2.633087163,118.75,0.769
"NSFTV_377","2779bba9.0",189.3371447,0.176466101,0.94456665,512.8442857,0.311299342,2.276100351,1.654000815,0.663857075,0.394797645,89.08333333,78,109,2.944438979,119.6666667,0.85
"NSFTV_378","eca85a73.0",163.4371447,0.138216101,0.85031665,538.7107673,0.378353282,2.516433685,1.790500815,0.954023742,0.349964312,106.6,68,79,3.799973502,122.9,0.889
"NSFTV_379","626cd18d.0",254.7371447,0.209216101,0.79581665,491.0691771,0.314827455,2.263600351,1.846334148,0.985857075,0.473464312,91.66666667,NA,NA,2.972742755,130.6666667,0.8
"NSFTV_380","238f25f1.0",177.6485025,0.158418287,0.901285484,489.9367984,0.269609152,1.881100351,1.310388808,0.496807075,0.198297645,92.75,NA,187,2.966131804,100,0.765
"NSFTV_381","77f6728e.0",286.6121447,0.251466101,0.87206665,546.9692147,0.438808597,2.147100351,1.630834148,0.685690409,0.397797645,90.83333333,81,106,2.674148649,132.5833333,0.76
"NSFTV_384","9764b3c8.0",163.1663079,0.143675166,0.888052326,547.51808,0.368787433,2.405433685,2.047334148,1.045023742,0.540130978,90.16666667,67,106,2.885731378,128.0833333,0.765
"NSFTV_385","3b25c24f.0",115.8621447,0.106216101,0.96156665,591.0957817,0.403261602,2.835100351,2.102000815,0.728690409,0.533464312,83.75,62,75,3.808512629,128.8333333,0.795
"NSFTV_386","4f4f777a.0",201.8621447,0.186716101,0.93781665,487.2312812,0.277079205,1.871267018,1.564500815,0.605357075,0.345797645,82.66666667,77,104,2.978925155,113.0833333,0.8
"NSFTV_387","a08839ce.0",211.4371447,0.179966101,0.87081665,470.4427723,0.33460721,2.14953893,1.704500815,0.580007068,0.376130978,78.33333333,65,106,2.818398258,88.08333333,0.906
"NSFTV_388","3afe3c0b.0",254.5871447,0.212716101,0.85281665,NA,0.346766441,1.779100351,1.293000815,0.543523742,0.323297645,90.81818182,NA,187,3.207906793,96.18181818,0.753
"NSFTV_389","7126c359.0",401.677953,0.322611913,0.802751774,469.0685637,0.279720761,1.815433685,1.556673885,0.595523742,0.351423535,106.75,79,165,2.577688383,120.5833333,0.547
"NSFTV_39","014ab0f1.0",183.9772323,0.183563265,0.969460182,440.1715537,0.323871142,2.710499999,2.492882764,0.644142925,0.358202355,95.16666667,76,108,4.016383021,150.4166667,0.802
"NSFTV_390","5c592759.0",191.2621447,0.143716101,0.72331665,494.7586717,0.301860901,1.870100351,1.441834148,0.533857075,0.392130978,91.25,NA,99,3.208825489,120.1666667,0.505
"NSFTV_391","180a155f.0",162.2371447,0.141216101,0.87281665,382.6077709,0.303608441,1.678600351,1.365500815,0.504357075,0.347297645,86.08333333,78,112,2.813410717,101.6666667,0.668
"NSFTV_392","c4a397e5.0",119.6121447,0.093966101,0.79931665,556.6419969,0.353350136,1.852267018,1.491080947,0.479023742,0.3332347,89.41666667,74,112,3.120895417,121.8333333,0.631
"NSFTV_394","1f856ac1.0",164.5621447,0.153466101,0.95281665,478.8627346,0.357830742,2.271933685,1.939667482,0.811190409,0.432464312,86,78,105,3.142714464,118.3333333,0.835
"NSFTV_395","ffde60f9.0",290.2871447,0.248716101,0.85631665,530.2821283,0.302222106,2.203433685,1.74703928,0.837023742,0.461568033,90.58333333,65,106,2.788092909,117.5,0.867
"NSFTV_396","1eb5d579.0",159.4621447,0.138216101,0.86281665,497.4927758,0.324622003,1.887600351,1.523334148,0.594523742,0.345464312,84.66666667,77,99,2.935628349,91.66666667,0.867
"NSFTV_397","45d3c920.0",197.3802957,0.187209893,0.963901178,486.7946901,0.327790323,1.814754955,1.494990931,0.476971778,0.343865676,88.25,79,86,2.679879324,91.83333333,0.779
"NSFTV_4","81d03b86.0",112.8612057,0.099631694,0.923787173,514.2519417,0.304405772,2.009828865,1.575353421,0.667571415,0.359475853,94.5,67,93,3.124565145,128.0833333,0.935
"NSFTV_40","76f56677.0",182.9378553,0.191783899,1.00893335,578.5674658,0.368573162,1.85973732,1.117108519,0.651142925,0.315590411,95.66666667,46,133,2.970414466,114.75,0.78
"NSFTV_41","dfb13733.0",269.895811,0.229211432,0.858760603,NA,0.263603798,2.330558033,1.354138335,0.610276621,0.271007078,NA,63,158,NA,NA,NA
"NSFTV_43","e5951598.0",147.0128553,0.126783899,0.86118335,587.0973307,0.429266991,1.797659073,1.494554963,0.477109955,0.282869022,92.25,71,99,3.739651779,98.66666667,0.858
"NSFTV_44","7d4c6c4e.0",195.5378553,0.185283899,0.97418335,574.5945836,0.369698237,2.601583332,1.491793938,0.802610819,0.301369022,81.83333333,64,93,3.54577861,136,0.953
"NSFTV_45","8d6aded4.0",115.9381636,0.101955274,0.851348879,483.468053,0.34284783,2.364360056,1.875824535,0.582658494,0.40267654,81.75,65,94,3.358637767,141.1666667,0.88
"NSFTV_46","68c2ecf8.0",275.3197242,0.236445804,0.86018335,608.9020707,0.43326454,2.348066315,1.381293938,0.622476258,0.310535688,95.58333333,76,122,3.125785402,127.25,0.819
"NSFTV_49","21d3f1b3.0",228.3378553,0.201283899,0.88918335,467.2287322,0.360019103,1.720900338,1.437388296,0.393976258,0.294436778,96,NA,90,3.715602524,127.1666667,0.925
"NSFTV_5","5533f406.0",134.6621447,0.120466101,0.91906665,394.1609667,0.293171683,2.106583202,1.534398034,0.629620069,0.373374492,87.5,70,108,3.697178257,153.75,0.813
"NSFTV_52","9e0c626c.0",84.22914434,0.073544766,0.886093936,NA,0.282495495,1.820548609,1.283079247,0.455976258,0.197035688,NA,NA,NA,NA,87.66666667,NA
"NSFTV_53","61b7bf53.0",105.0124671,0.116957758,1.038015068,364.0547176,0.286224543,2.401659073,1.653793938,0.655276621,0.366369022,91,78,100,3.314186005,152.5,0.858
"NSFTV_54","06334433.0",201.3291443,0.175544766,0.88142727,570.4793789,0.407510343,2.051802946,1.536014734,0.550341579,0.306103079,108.8333333,82,149,2.735449175,133,0.864
"NSFTV_55","ef8fd965.0",177.1628553,0.144283899,0.85468335,397.342275,0.264339135,2.539820653,1.550460604,0.714142925,0.316869022,74.91666667,66,84,3.414990704,101.3333333,0.788
"NSFTV_56","652530bb.0",96.58785531,0.090033899,0.91243335,387.4427595,0.245760261,2.065538212,1.448804963,0.422245938,0.260869022,74.125,66,76,3.388618599,77,0.946
"NSFTV_57","71d5fcf4.0",216.6128553,0.200283899,0.92393335,653.9610339,0.396881833,2.256325739,1.435293938,0.662443288,0.296202355,89.83333333,76,88,4.037186148,137.1666667,0.869
"NSFTV_58","9c099b78.0",260.2878553,0.228033899,0.89093335,515.1857825,0.423514148,2.625871545,1.599793938,0.823857157,0.331035688,91.25,77,101,3.58120144,129.1666667,0.906
"NSFTV_59","a5ec1b10.0",145.5878553,0.134533899,0.93893335,542.0721946,0.383708111,2.849866536,1.410293938,0.714508373,0.338702355,82.16666667,70,96,2.463853241,136.5555556,0.856
"NSFTV_6","0d125c0e.0",283.9469623,0.251543226,0.86306665,582.787709,0.412079613,1.652930525,1.112934876,0.490838082,0.227296175,89.08333333,73,101,2.857427602,148.3333333,0.871
"NSFTV_60","7f7fb805.0",277.7291443,0.225878099,0.856093936,543.8112301,0.244668159,1.653798609,1.306734888,0.474976258,0.191869022,82.33333333,68,88,2.983153491,128.9166667,0.722
"NSFTV_612","85240e22.0",165.7043879,0.126901758,0.77428296,524.4328711,0.416265445,1.688972398,1.484213329,0.502014501,0.354914766,NA,NA,NA,NA,NA,NA
"NSFTV_616","298c9652.0",122.7121447,0.108966101,0.91156665,547.6242345,0.394694251,2.020421622,1.444490931,0.656971778,0.409365676,81,NA,NA,3.54577861,111,0.64
"NSFTV_618","a4acb3d5.0",169.4371447,0.139466101,0.82206665,524.798866,0.324385143,1.533088289,1.416794775,0.528805111,0.28269901,78.5,NA,NA,3.308106959,86.83333333,0.804
"NSFTV_619","f7e71b48.0",164.8371447,0.146716101,0.90281665,469.0548441,0.366874573,1.659424165,1.188490931,0.430980966,0.253365676,78,NA,NA,3.171085161,81.83333333,0.898
"NSFTV_62","9ec86ff1.0",188.177953,0.164278579,0.863751774,540.3776053,0.473204955,2.388107284,1.607934743,0.634971778,0.326365676,NA,NA,NA,NA,NA,NA
"NSFTV_620","9e09efb3.0",190.0121447,0.162966101,0.84906665,471.4296881,0.35915496,2.035754955,1.623324264,0.632971778,0.339032343,91.5,NA,NA,3.428596356,110.1666667,0.823
"NSFTV_621","b4d6e1d7.0",166.5871447,0.151466101,0.93206665,450.7187448,0.33264471,1.799088289,1.562657597,0.469471778,0.42069901,85.5,NA,NA,2.602689685,91.5,0.647
"NSFTV_622","fb21dae1.0",184.5112863,0.169278579,0.955085107,481.0335721,0.357509199,2.046754955,1.694490931,0.671138445,0.328032343,83.5,NA,NA,3.444682494,84.66666667,0.528
"NSFTV_624","961237a1.0",170.7871447,0.154216101,0.91931665,409.3203161,0.31323154,1.494754955,1.354628861,0.411638445,0.346917336,86.5,NA,NA,2.685577345,98.16666667,0.51
"NSFTV_625","38ab4ed4.0",166.9371447,0.159466101,0.99306665,415.917974,0.338194405,1.53293116,1.455794775,0.498165932,0.341532343,85.5,NA,NA,2.782951509,102.1666667,0.586
"NSFTV_626","630c7f90.0",191.0371447,0.161466101,0.85056665,658.8449151,0.417636361,2.591921622,2.052490931,0.970638445,0.49169901,90.5,NA,NA,3.36729583,96.16666667,0.774
"NSFTV_627","9b34fda6.0",181.8121447,0.151216101,0.83781665,425.3828408,0.315603253,2.550369696,1.636157597,0.652715292,0.32869901,62,NA,NA,2.302585093,78.33333333,0.629
"NSFTV_629","ce3f9303.0",115.1371447,0.099966101,0.90156665,409.7957036,0.261712529,2.404754955,1.809490931,0.847305111,0.496365676,72.5,NA,NA,3.079613758,98,0.919
"NSFTV_63","407f31bd.0",217.3630836,0.196800507,0.927346127,375.7412908,0.302323015,2.391440617,1.656768076,0.879962946,0.325695656,NA,NA,NA,NA,NA,NA
"NSFTV_631","1fbe21f5.0",122.9371447,0.115216101,0.96131665,471.6185642,0.381673801,2.156754955,1.507824264,0.604305111,0.356532343,NA,NA,NA,NA,NA,NA
"NSFTV_633","b23710c4.0",155.5871447,0.134466101,0.86856665,765.971933,0.48910715,1.728652278,1.46477146,0.492760688,0.231767386,94.5,NA,NA,3.516508228,88.16666667,0.848
"NSFTV_634","924bd3ae.0",130.0371447,0.111716101,0.87556665,429.8808416,0.279835663,2.389254955,1.776044775,0.883971778,0.497032343,89,NA,NA,3.52144651,107.1666667,0.908
"NSFTV_641","88631879.0",215.5381636,0.209455274,0.997098879,480.4156349,0.395484088,1.308969684,1.062069251,0.361149701,0.166697906,NA,NA,NA,NA,NA,NA
"NSFTV_642","986a3c37.0",54.78816358,0.055955274,1.012848879,516.6253826,0.409656588,2.213136351,1.573069251,0.931316368,0.462864573,NA,NA,NA,NA,NA,NA
"NSFTV_643","0491646d.0",155.2430306,0.142707976,0.950529438,420.4754164,0.338086732,2.134136351,1.763477253,0.678816368,0.451717524,NA,NA,NA,NA,NA,NA
"NSFTV_647","d298701c.0",179.0631636,0.145205274,0.813598879,450.0589701,0.285019135,2.080867007,1.626183113,0.629271944,0.376932949,NA,NA,NA,NA,NA,NA
"NSFTV_65","1ab838a2.0",200.0878553,0.184283899,0.92518335,557.0706442,0.339388187,2.188659073,1.781627271,0.738943288,0.452202355,100.75,80,114,2.995732274,129.5833333,0.841
"NSFTV_651","432387a8.0",222.9381636,0.209955274,0.955848879,593.4100784,0.323835264,2.378469684,1.87276892,0.781594726,0.54700919,NA,NA,NA,NA,NA,NA
"NSFTV_66","7691a376.0",187.2755382,0.16041574,0.865073272,436.975958,0.363790421,2.631630304,1.710475756,0.693098501,0.276789343,NA,NA,190,NA,NA,NA
"NSFTV_67","39dd7feb.0",135.2378553,0.115533899,0.88668335,303.9845249,0.23355566,2.017105813,1.425960604,0.548460264,0.297869022,114.6666667,NA,222,3.355735008,123.9166667,0.864
"NSFTV_69","c14c4e03.0",298.0628553,0.238283899,0.81818335,487.0248085,0.28473573,2.307659073,1.594960604,0.551109955,0.338369022,93.25,76,85,2.913256052,113.5833333,0.839
"NSFTV_7","e37be9e5.0",142.2371447,0.119466101,0.84606665,470.0405412,0.357242718,1.275910029,1.198101542,0.441504748,0.196207826,105,NA,158,2.859021228,119.6,0.907
"NSFTV_70","efbb93de.0",325.1154038,0.269783899,0.73793335,448.8259178,0.363091033,2.225399649,1.544627271,0.820809591,0.361202355,90.5,77,108,3.016351561,128,0.807
"NSFTV_71","61cc3858.0",87.01285531,0.078283899,0.88068335,658.7080179,0.423339424,1.887696141,1.597293938,0.582020231,0.318202355,100.75,79,106,3.80666249,99.16666667,0.694
"NSFTV_72","12d82364.0",130.1628553,0.102783899,0.919685372,534.5074266,0.457599334,2.275232982,1.830960604,0.744142925,0.415035688,108.1666667,73,133,3.557726184,90.66666667,0.892
"NSFTV_73","97dcf87d.0",227.6378553,0.187283899,0.83493335,549.557449,0.343966221,2.214399649,1.767138296,0.781309591,0.410535688,91.41666667,78,106,2.983153491,102.9166667,0.805
"NSFTV_74","55d3afae.0",170.0624777,0.119544766,0.74368335,517.0032288,0.340902872,2.500911204,1.780313568,0.918412305,0.473407152,99.33333333,78,85,3.58120144,104.0833333,0.896
"NSFTV_75","b0816082.0",232.1128553,0.192533899,0.84568335,465.3698345,0.265269484,2.424232982,1.611452877,0.819809591,0.422241501,87.66666667,NA,114,2.414289083,132.4166667,0.515
"NSFTV_76","cb5e38e6.0",153.2878553,0.126533899,0.938793515,506.1100631,0.386162495,2.244963638,1.688241133,0.824265168,0.426437398,110.1666667,NA,131,3.514029912,94.08333333,0.854
"NSFTV_77","45ec7861.0",144.5628553,0.113533899,0.80568335,514.1331291,0.325701753,2.478732982,1.759960604,0.877809591,0.436535688,125,NA,182,3.335176281,144.8,0.829
"NSFTV_78","66d97672.0",116.7378553,0.095033899,0.81443335,494.0212834,0.315995424,2.710112808,2.024293938,0.879809591,0.487869022,98.83333333,73,86,3.48635519,133.75,0.932
"NSFTV_79","c0936cf1.0",186.1378553,0.168283899,0.90843335,513.9759279,0.381523131,2.471399649,1.524293938,0.761809591,0.296202355,76.25,77,88,3.075774981,91.16666667,0.896
"NSFTV_8","30c3073f.0",203.7368364,0.177794726,0.871151121,563.4278185,0.27536252,1.856403773,1.315477884,0.410738728,0.338307102,101.5833333,74,122,2.621038824,147.4166667,0.781
"NSFTV_80","02d095ba.0",175.195811,0.140211432,0.827093936,580.0499237,0.399532615,2.259095101,1.590075618,0.711976258,0.371535688,110.5714286,72,136,3.983413002,106,0.372
"NSFTV_81","006dfe9b.0",129.0628887,0.139106599,1.092647976,527.639349,0.312894745,2.434369346,1.85827796,0.902368332,0.456963208,83.25,77,92,3.49144426,139.3333333,0.916
"NSFTV_83","becfe767.0",138.496222,0.128106599,0.920314642,416.1017502,0.312621279,2.268119346,1.469944627,0.612201665,0.274129875,79,67,79,3.280911216,106.6,0.827
"NSFTV_84","7bee5b9f.0",151.4300518,0.135034105,0.896714615,540.1627045,0.395270952,2.218148414,1.612079135,0.668701665,0.374463208,89.16666667,110,101,2.319114395,132.5833333,0.687
"NSFTV_85","328163e1.0",118.0131636,0.102955274,0.881598879,454.8376427,0.444206123,2.226064608,1.915324839,0.813281195,0.391599616,100.75,78,90,3.860729711,143.1666667,0.936
"NSFTV_87","64fa0112.0",241.596222,0.210773265,0.907314642,530.9031073,0.400047507,1.93345268,2.000944627,0.820034998,0.535463208,101.25,73,99,2.618438042,116.125,0.785
"NSFTV_89","897c5eef.0",338.1631636,0.261705274,0.778098879,523.7843712,0.348407088,2.017148414,1.499646787,0.740868332,0.367197983,90.91666667,78,114,2.442347035,114.6666667,0.859
"NSFTV_9","2a9d8d47.0",167.0118364,0.140544726,0.872401121,472.6390134,0.286454753,1.494973117,1.223505955,0.676911785,0.261307102,73,75,81,2.924504764,128.875,0.887
"NSFTV_90","743f41c1.0",122.8631636,0.113205274,0.921348879,595.9906999,0.394968611,2.691481747,2.154245801,0.824201665,0.426963208,82.58333333,67,81,3.826663156,127.1666667,0.888
"NSFTV_91","ff836253.0",195.2633852,0.176700772,0.932381282,518.3039977,0.388023558,1.919786013,1.298245801,0.52201491,0.226796541,NA,NA,NA,NA,NA,NA
"NSFTV_92","5df8f871.0",178.7881636,0.165455274,0.962098879,475.9694101,0.364919877,2.295246281,1.575079135,0.807628376,0.407963208,91.6,78,98,2.538973871,123.4444444,0.868
"NSFTV_93","9f1f4614.0",86.48816358,0.080205274,0.904098879,407.8226192,0.271056652,2.25581508,1.498912468,0.677034998,0.318296541,88.25,72,88,3.659278984,150.4444444,0.797
"NSFTV_94","20a4c97d.0",202.6631636,0.185205274,0.927598879,453.4509063,0.274129441,1.939727883,1.628567579,0.55124062,0.242137487,83.91666667,74,161,3.719651113,93.16666667,0.803
"NSFTV_95","0c85e164.0",163.1631636,0.141205274,0.871348879,541.369895,0.363236702,2.31831508,1.723002205,1.023034998,0.568255765,NA,NA,NA,NA,NA,NA
"NSFTV_96","32a6808e.0",178.6131636,0.168955274,0.958348879,535.0296676,0.382023419,1.754981747,1.5528676,0.669534998,0.35494193,104.3,84,165,2.610069793,101.6666667,0.795
"NSFTV_98","6ab77e3e.0",131.6381636,0.118705274,0.891598879,416.5056781,0.26940314,1.944648414,1.46787624,0.573034998,0.254601422,83.83333333,79,90,3.098589659,83.88888889,0.861
"NSFTV_99","7eb7c6a8.0",167.5295554,0.153106599,0.929314642,523.0195199,0.373880736,2.344698816,1.723383564,0.993407286,0.370796541,90.16666667,80,108,2.922265122,134.3333333,0.772
